Age,W,L,PW,PL,MOV,SOS,SRS,ORtg,DRtg,Pace,FTr,3PAr,TS%,OFFeFG,OFFTOV,OFFORB,OFFFT/FGA,DFFeFG,DFFTOV,DFFDRB,DFFFT/FGA,Stats
27.3,61,21,60,22,7.79,-0.42,7.37,109.4,101.9,102.6,0.332,0.057,0.55,0.501,15.4,34.8,0.258,0.475,16.5,67.8,0.234,Promotion
26.2,60,22,55,27,5.9,-0.51,5.4,109.5,103.9,104.1,0.284,0.014,0.569,0.53,16.5,32.6,0.22,0.475,14,66.9,0.181,LeagueChampion
27,56,26,53,29,4.66,-0.42,4.24,105.8,101.2,101.8,0.298,0.025,0.52,0.474,14.9,36.4,0.229,0.463,15.4,67.9,0.221,Promotion
27,59,23,52,30,4.22,-0.18,4.04,105,101,103,0.34,0.017,0.544,0.494,17.2,33.5,0.262,0.46,15.5,66.7,0.217,Promotion
25.3,49,33,51,31,3.94,-0.37,3.57,106.8,102.9,102.4,0.278,0.021,0.532,0.491,15,35.2,0.212,0.467,16.2,63.8,0.229,Promotion
26.5,55,27,50,32,3.6,-0.35,3.25,105.6,102.2,104.8,0.341,0.039,0.548,0.498,16.4,30.4,0.263,0.483,16.5,66.9,0.213,Promotion
26.1,50,32,49,33,2.91,-0.09,2.83,105.2,102.3,98.9,0.376,0.011,0.523,0.465,15.4,36.9,0.29,0.461,17.1,65.6,0.291,Promotion
25.5,47,35,49,33,3.13,-0.32,2.82,104,101,103.2,0.3,0.015,0.522,0.48,14.5,31,0.223,0.479,17.9,68.1,0.273,Promotion
27.4,37,45,42,40,0.34,0.09,0.43,106.7,106.4,105.6,0.274,0.023,0.519,0.476,13.2,33.1,0.212,0.505,16.3,65.9,0.216,Phaseout
27.3,41,41,41,41,0.17,0.1,0.27,108.1,108,101.2,0.31,0.051,0.533,0.487,15.5,37.6,0.238,0.499,16.1,63.2,0.23,Promotion
26.9,41,41,40,42,-0.38,0.13,-0.24,108.6,109,109.5,0.327,0.027,0.553,0.502,15.2,31.8,0.262,0.506,14.4,66.8,0.216,Promotion
25.3,37,45,39,43,-0.7,0.16,-0.54,105.5,106.2,104.4,0.303,0.041,0.523,0.479,14.8,35.4,0.228,0.493,17,62.5,0.23,Phaseout
26.3,38,44,39,43,-0.82,-0.05,-0.87,103.4,104.3,98.6,0.293,0.018,0.519,0.477,16.1,35.5,0.218,0.482,15.3,67.9,0.245,Promotion
24.1,39,43,38,44,-1.15,0.19,-0.96,106.5,107.5,106.5,0.296,0.025,0.539,0.498,15.7,33.7,0.221,0.498,16.4,64,0.263,Phaseout
26.1,34,48,38,44,-1.17,0.19,-0.98,101.5,102.5,106.1,0.321,0.04,0.518,0.466,16.6,32.1,0.251,0.472,16.5,66.4,0.263,Phaseout
29,39,43,34,48,-2.55,0.28,-2.27,103.2,105.7,102.6,0.263,0.031,0.504,0.463,13.7,33.3,0.199,0.469,12.3,69.5,0.218,Promotion
25.9,30,52,34,48,-2.71,0.08,-2.63,104.3,107,101.8,0.373,0.04,0.545,0.489,17.2,32.2,0.291,0.5,15.7,68,0.251,Phaseout
27.6,35,47,30,52,-4.15,0.18,-3.97,105.7,109.8,101.4,0.289,0.072,0.522,0.482,14.6,34.2,0.213,0.503,14.2,65.4,0.215,Phaseout
26.3,24,58,29,53,-4.39,0.2,-4.2,102,106.3,100.5,0.262,0.017,0.52,0.484,15.5,31.1,0.193,0.498,15.5,69.8,0.273,Phaseout
27.1,30,52,30,52,-4.41,0.2,-4.22,103.4,107.6,103.9,0.34,0.034,0.517,0.469,15.1,33.6,0.25,0.497,14.4,67.8,0.224,Phaseout
25.9,24,58,25,57,-6.01,0.31,-5.71,104.2,110.4,97.6,0.285,0.027,0.547,0.5,16.7,29.7,0.23,0.5,13.5,67.1,0.237,Phaseout
24.7,16,66,22,60,-8.24,0.67,-7.57,101.2,108.8,107.1,0.283,0.029,0.523,0.483,16.9,32.3,0.209,0.499,15.2,64.7,0.239,Phaseout
27.2,62,20,60,22,7.85,-0.09,7.76,107,99.5,103.4,0.343,0.012,0.562,0.515,17.3,32.3,0.264,0.454,16.3,67.1,0.252,Promotion
26.6,60,22,59,23,7.27,-0.13,7.14,108.7,101.8,103.6,0.313,0.018,0.546,0.5,15.7,36.3,0.241,0.461,16.6,65.6,0.28,Promotion
27,62,20,56,26,5.88,0.17,6.05,108.4,102.6,100.8,0.334,0.034,0.553,0.509,16.2,34.7,0.251,0.464,15.1,67,0.24,LeagueChampion
25.7,57,25,55,27,5.51,-0.68,4.83,104.6,99.4,104.7,0.332,0.022,0.537,0.492,17.1,35.1,0.247,0.471,17.5,68.2,0.244,Promotion
27,54,28,51,31,3.84,-0.57,3.27,107.6,103.9,102.7,0.286,0.013,0.548,0.513,15.8,33.9,0.209,0.468,14.6,64.4,0.208,Promotion
26.5,45,37,46,36,1.98,0.37,2.34,107.8,105.8,100.6,0.371,0.026,0.556,0.504,17.2,36.9,0.288,0.493,15.5,68.4,0.232,Promotion
26.7,52,30,48,34,2.88,-0.7,2.18,108.5,105.7,102.9,0.367,0.012,0.545,0.492,15.4,37.5,0.282,0.475,14.1,68,0.233,Promotion
25.1,50,32,45,37,1.62,0.38,2,106,104.4,101,0.329,0.033,0.533,0.487,15,31.6,0.246,0.504,17.2,65.8,0.22,Promotion
26,44,38,45,37,1.4,0.32,1.72,106.4,105,100.9,0.351,0.023,0.528,0.484,15.1,35.5,0.251,0.492,17,64.5,0.248,Promotion
25.7,45,37,43,39,0.89,-0.37,0.52,106.5,105.7,103,0.291,0.02,0.534,0.498,15.2,33.9,0.209,0.49,15.8,65.7,0.246,Promotion
28.6,39,43,41,41,0.01,0.41,0.42,102.7,102.7,102.4,0.276,0.032,0.514,0.476,14.4,30.5,0.199,0.472,14.3,67.8,0.212,phaseout
26.8,40,42,42,40,0.33,-0.53,-0.2,107,106.7,100.5,0.303,0.016,0.534,0.489,14.9,33.9,0.233,0.496,14.7,66.6,0.214,Promotion
26.2,40,42,41,41,0.01,-0.51,-0.49,104.7,104.7,101.3,0.308,0.023,0.54,0.503,15.1,29.2,0.22,0.483,15.6,68.3,0.265,Promotion
26.8,37,45,40,42,-0.48,-0.47,-0.95,109.4,109.8,109.8,0.383,0.018,0.537,0.477,13.4,33.1,0.3,0.509,14.6,65.4,0.232,phaseout
24.4,39,43,38,44,-1.18,-0.23,-1.41,108.5,109.7,101,0.345,0.029,0.537,0.493,15.6,38.8,0.251,0.507,14.4,67.5,0.25,phaseout
27.6,36,46,37,45,-1.59,-0.2,-1.78,106,107.6,100.2,0.308,0.056,0.528,0.486,14.5,33,0.227,0.507,16.2,66.3,0.262,phaseout
26.8,34,48,37,45,-1.65,-0.2,-1.84,103.2,104.8,100.3,0.333,0.016,0.521,0.47,15.7,33.1,0.254,0.468,13.8,66.1,0.232,phaseout
26.8,31,51,33,49,-3.1,0.73,-2.37,104.3,107.3,99.4,0.377,0.012,0.537,0.48,16.7,34.1,0.293,0.498,17.3,64.8,0.295,phaseout
25.7,28,54,29,53,-4.85,0.7,-4.15,104.3,109.1,100.8,0.251,0.033,0.513,0.472,14.2,33.5,0.195,0.507,15.2,66,0.251,phaseout
25.2,24,58,26,56,-6.02,0.87,-5.15,101,106.7,105.2,0.324,0.019,0.525,0.478,16.6,30.4,0.243,0.506,16.4,69.2,0.281,phaseout
24.3,21,61,24,58,-6.32,0.74,-5.58,98.1,104.3,101.2,0.334,0.012,0.51,0.464,18,33.4,0.242,0.512,18.6,65.9,0.242,phaseout
25.1,28,54,26,56,-5.89,-0.1,-5.99,103.4,109.4,97.7,0.305,0.024,0.536,0.491,15.5,28.3,0.234,0.492,13.8,66.8,0.268,phaseout
24.8,15,67,20,62,-8.4,0.07,-8.33,102.4,110.8,98.6,0.359,0.024,0.519,0.466,15.2,30.7,0.27,0.516,15.1,65,0.245,phaseout
27.3,63,19,57,25,6.38,-0.03,6.35,109.8,103.5,101.5,0.335,0.025,0.545,0.502,14.7,35.8,0.248,0.472,14.6,67.6,0.22,Promotion
28.1,58,24,56,26,5.73,0,5.74,109.6,103.9,100.6,0.354,0.02,0.566,0.521,15.5,30.5,0.265,0.48,16.5,65,0.261,Promotion
27.3,55,27,55,27,5.48,-0.1,5.38,107.7,102.3,100,0.332,0.023,0.553,0.509,16.5,35.1,0.25,0.471,15.9,67.3,0.253,Promotion
26.8,57,25,53,29,4.87,-0.5,4.37,110.2,105.5,103.1,0.285,0.012,0.551,0.518,14.7,35.8,0.204,0.493,14.8,66.3,0.187,LeagueChampion
26.4,52,30,52,30,4.13,-0.45,3.69,106.4,102.3,100,0.329,0.021,0.535,0.491,14.1,31.3,0.243,0.464,14.4,67.2,0.214,Promotion
26.4,46,36,50,32,3.45,-0.4,3.05,105.8,102.4,99.5,0.302,0.024,0.538,0.495,15.9,32.2,0.229,0.47,14.6,68.5,0.233,Promotion
26.1,48,34,47,35,2.3,-0.52,1.79,109.9,107.6,102.5,0.307,0.033,0.537,0.49,13,34,0.238,0.487,13.7,68.8,0.256,Promotion
26,43,39,43,39,0.88,0.19,1.06,103.3,102.5,99.4,0.294,0.033,0.524,0.478,14.7,29.4,0.227,0.468,13.9,69.9,0.228,Promotion
25.1,44,38,43,39,0.68,0.18,0.87,103,102.3,103.1,0.326,0.02,0.529,0.487,16.6,33.7,0.237,0.486,18.3,67,0.281,Promotion
26.5,42,40,43,39,0.54,0.27,0.81,105.1,104.6,95.1,0.352,0.019,0.529,0.476,14.6,32.2,0.271,0.473,15.6,67.6,0.282,Promotion
25.1,45,37,44,38,1.04,-0.24,0.8,108.8,107.7,101.4,0.324,0.044,0.541,0.502,14.5,34.8,0.233,0.493,14.1,68.8,0.256,Phaseout
24.7,42,40,43,39,0.6,-0.21,0.39,108.8,108.2,100.5,0.332,0.019,0.547,0.507,14.4,32.5,0.239,0.502,15,65.9,0.223,Phaseout
27,46,36,42,40,0.52,-0.4,0.13,114.3,113.9,109.8,0.389,0.019,0.578,0.522,14.1,31.8,0.31,0.528,13.9,64.3,0.213,Promotion
28.3,46,36,41,41,-0.04,-0.36,-0.39,108.3,108.3,97.2,0.302,0.024,0.52,0.479,13.7,37.8,0.22,0.5,14.3,66.1,0.209,Promotion
24.4,39,43,39,43,-0.91,0.28,-0.63,105.8,106.6,104.3,0.349,0.029,0.534,0.485,16,34.8,0.262,0.512,16.4,66.9,0.224,Phaseout
27,35,47,36,46,-1.87,0.38,-1.49,102.7,104.6,98.7,0.304,0.044,0.516,0.472,14.6,30.5,0.225,0.494,15.9,66.3,0.221,Phaseout
26.5,34,48,36,46,-2.02,0.45,-1.57,106.6,108.6,99,0.378,0.032,0.557,0.505,17.3,33.6,0.29,0.499,13.2,69,0.207,Phaseout
28,33,49,34,48,-2.67,0.52,-2.15,106,108.6,99.5,0.302,0.03,0.535,0.495,15.4,33.1,0.223,0.508,15.4,66.9,0.255,Phaseout
24,30,52,33,49,-3.1,-0.15,-3.25,104.2,107.2,101.8,0.296,0.018,0.533,0.497,15.5,29.9,0.213,0.504,16.5,66,0.287,Phaseout
24.4,28,54,29,53,-4.43,-0.06,-4.48,105.9,110.4,98.5,0.328,0.026,0.519,0.473,13.7,33.9,0.241,0.51,14.5,66.8,0.266,Phaseout
24.8,25,57,27,55,-5.66,0.03,-5.63,106.2,111.7,103.9,0.306,0.013,0.538,0.496,14.5,30.6,0.23,0.513,14.1,65.3,0.244,Phaseout
25.4,17,65,23,59,-7.39,0.34,-7.05,106.6,113.8,101.4,0.33,0.048,0.547,0.507,16.2,33.2,0.238,0.529,13.9,68,0.28,Phaseout
26.1,15,67,20,62,-8.51,0.74,-7.77,103.3,111.8,99.3,0.297,0.019,0.51,0.466,13.7,32,0.222,0.515,14.7,65.9,0.271,Phaseout
26.7,65,17,60,22,7.67,-0.14,7.53,108.3,100.9,102.7,0.367,0.015,0.549,0.501,16.3,37.1,0.273,0.464,15.8,66.2,0.217,LeagueChampion
27.3,56,26,55,27,5.35,-0.01,5.34,106.9,101.8,104,0.311,0.025,0.536,0.494,15.2,34.7,0.229,0.473,16,68.1,0.236,Promotion
26.9,58,24,55,27,5.55,-0.49,5.06,110.5,105.2,103.8,0.27,0.013,0.561,0.528,15.9,36.3,0.199,0.494,15.5,65.3,0.191,Promotion
26.6,53,29,54,28,5.06,-0.45,4.61,105.1,100.1,101.6,0.306,0.022,0.54,0.499,16,32,0.227,0.458,15.9,67.5,0.235,Promotion
28.1,51,31,53,29,4.4,-0.08,4.32,105.8,101.4,100,0.322,0.024,0.537,0.491,15.1,31.8,0.243,0.459,15.5,65.5,0.228,Promotion
27.2,53,29,50,32,3.66,-0.56,3.1,110.1,106.6,103.3,0.336,0.042,0.556,0.51,15.1,35.3,0.257,0.489,14.4,69.1,0.228,Promotion
27.4,48,34,49,33,3.21,-0.33,2.88,105.9,102.8,103.2,0.338,0.019,0.539,0.496,15.5,32.5,0.247,0.464,14.3,66.2,0.21,Promotion
25.2,49,33,49,33,2.77,0.01,2.77,101.6,98.9,104,0.322,0.021,0.532,0.494,18.7,36.8,0.227,0.481,18.9,68.8,0.251,Promotion
26.5,44,38,48,34,2.45,0.13,2.58,102.4,99.9,97,0.336,0.019,0.526,0.484,16.2,31.6,0.239,0.478,18.1,67.8,0.257,Promotion
25.5,46,36,47,35,2.13,-0.25,1.88,106,103.9,101,0.353,0.021,0.535,0.488,15.4,33.3,0.26,0.49,16,67.9,0.218,Promotion
24.5,45,37,45,37,1.45,-0.41,1.04,106.2,104.9,106.6,0.338,0.029,0.542,0.5,16.4,34.3,0.246,0.49,16.8,65.8,0.291,Phaseout
27.2,45,37,42,40,0.62,-0.36,0.27,109.7,109.1,112.1,0.337,0.016,0.55,0.495,14,31,0.272,0.509,15.1,64.8,0.22,Promotion
25.8,42,40,41,41,-0.13,0.33,0.2,99.1,99.3,99.4,0.292,0.034,0.511,0.473,16.6,30.4,0.206,0.471,16.2,68.6,0.214,Phaseout
24.6,37,45,40,42,-0.4,0.24,-0.17,105.4,105.8,105.8,0.34,0.036,0.529,0.481,15.1,33.6,0.253,0.496,15.4,66.2,0.214,Phaseout
24.2,38,44,40,42,-0.41,-0.29,-0.7,109.4,109.8,102.8,0.326,0.025,0.535,0.489,13.5,34.8,0.245,0.506,14,66.2,0.228,Phaseout
26.6,43,39,38,44,-0.95,0.23,-0.72,102.2,103.2,98.9,0.295,0.026,0.516,0.472,15,30.7,0.222,0.473,15.2,65.1,0.223,Promotion
24.7,30,52,32,50,-3.62,0.14,-3.48,103.9,107.4,104,0.293,0.02,0.526,0.485,15.9,33.9,0.216,0.513,16.9,64.6,0.241,Phaseout
25.7,30,52,30,52,-4.2,-0.03,-4.22,101.2,105.1,107.3,0.332,0.025,0.531,0.483,16.7,29,0.251,0.481,15.2,63.9,0.208,Phaseout
24.5,28,54,29,53,-4.89,0.48,-4.41,103.4,108,106.1,0.365,0.028,0.532,0.483,16.9,34,0.269,0.498,14.3,67.9,0.237,Phaseout
24.8,25,57,29,53,-4.83,0.22,-4.61,104.7,109.3,103,0.288,0.034,0.518,0.479,15.7,37.1,0.208,0.531,17.6,65.8,0.284,Phaseout
24.9,20,62,27,55,-5.85,0.49,-5.36,103.8,109.4,103.9,0.247,0.031,0.52,0.483,15.2,33.6,0.187,0.52,16.4,65.5,0.249,Phaseout
26.4,23,59,22,60,-7.44,0.66,-6.78,99.2,106.8,97.6,0.283,0.017,0.506,0.467,16.4,33,0.204,0.492,13.8,71.3,0.258,Phaseout
29,14,68,14,68,-11.6,0.48,-11.12,97,108.3,102.2,0.26,0.036,0.491,0.453,15.9,30.8,0.188,0.505,15.4,65.4,0.246,Phaseout
28,62,20,57,25,6.56,-0.14,6.42,110.9,104.4,99.7,0.333,0.032,0.554,0.504,14.6,34.2,0.264,0.475,13.8,69.7,0.225,LeagueChampion
28.4,50,32,52,30,4.16,-0.12,4.04,107.8,103.6,96.9,0.338,0.033,0.541,0.497,15,33.7,0.25,0.459,14.7,65.6,0.266,Promotion
27.2,47,35,51,31,3.84,-0.05,3.79,107,103.1,99,0.367,0.024,0.552,0.499,16.7,33.4,0.284,0.491,17.8,68.1,0.281,Promotion
25.4,49,33,50,32,3.59,-0.06,3.52,111.5,108.1,103.8,0.322,0.018,0.532,0.482,12.7,36.7,0.25,0.5,14.8,67.7,0.263,Promotion
27.5,54,28,50,32,3.76,-0.44,3.32,110.9,107.3,103.7,0.313,0.031,0.574,0.536,16.1,33.7,0.236,0.487,14.3,66.6,0.232,Promotion
25.8,48,34,50,32,3.55,-0.42,3.13,111.2,107.7,101.1,0.367,0.018,0.556,0.507,15.1,36.4,0.277,0.518,17,67.4,0.259,Promotion
27.7,52,30,47,35,2.2,0.2,2.39,106.8,104.6,99.6,0.396,0.016,0.551,0.497,16.9,34.6,0.299,0.484,16,65.9,0.246,Promotion
25.5,45,37,44,38,1.1,0.17,1.27,106.1,105,103,0.343,0.032,0.54,0.501,16.1,34.6,0.24,0.494,17,67.8,0.292,Promotion
26.8,45,37,44,38,1.13,-0.32,0.81,109,108,104.9,0.374,0.044,0.559,0.505,15.2,30.8,0.292,0.479,13.9,63.4,0.229,Promotion
27.2,41,41,43,39,0.89,-0.24,0.65,108.9,108,101.4,0.305,0.04,0.556,0.514,15.1,31.4,0.232,0.501,15.3,68.3,0.277,Promotion
24.7,43,39,42,40,0.43,-0.27,0.15,110,109.6,99,0.325,0.025,0.547,0.503,13.6,31.7,0.245,0.503,14.4,65.7,0.232,Promotion
27.1,42,40,41,41,-0.17,-0.17,-0.34,107.9,108.1,99.7,0.347,0.02,0.543,0.49,14.3,30.7,0.271,0.492,13.8,66.6,0.226,Promotion
27.4,37,45,40,42,-0.27,-0.23,-0.5,111.2,111.4,106.5,0.337,0.034,0.556,0.511,14,33.4,0.255,0.508,13.7,66.2,0.233,Phaseout
26.6,40,42,37,45,-1.29,0.22,-1.08,105.5,106.9,95.3,0.355,0.016,0.529,0.476,14.4,31.6,0.27,0.482,15.1,65.2,0.268,Promotion
27,38,44,38,44,-1.1,-0.17,-1.27,111.3,112.3,110.5,0.337,0.032,0.553,0.498,12.8,29.3,0.276,0.522,14.6,66.6,0.277,Promotion
26.2,38,44,37,45,-1.48,-0.15,-1.62,106.5,108,102.9,0.345,0.026,0.542,0.49,15.3,32.4,0.268,0.505,16.1,66.9,0.266,Promotion
26.2,35,47,33,49,-2.89,0.53,-2.36,104.2,107.2,97.4,0.319,0.041,0.535,0.489,15.5,30.1,0.241,0.492,13.7,69.7,0.239,Promotion
26.8,29,53,33,49,-3.09,-0.04,-3.12,105.3,108.2,104.7,0.284,0.02,0.535,0.497,15.6,32.8,0.21,0.486,14.1,67.5,0.285,Phaseout
25.5,30,52,33,49,-3.26,0.04,-3.21,109.2,112.4,101.1,0.331,0.017,0.541,0.498,15.3,37.7,0.244,0.513,12.9,68.2,0.236,Phaseout
25.6,37,45,32,50,-3.4,0.05,-3.35,105.5,108.8,103.3,0.342,0.03,0.52,0.471,14.9,35.6,0.254,0.519,17,64.2,0.25,Phaseout
25.4,28,54,30,52,-4.26,0.55,-3.71,104.1,108.5,97.4,0.301,0.023,0.512,0.468,14,33.5,0.224,0.49,13.2,70.8,0.28,Phaseout
24.4,26,56,28,54,-4.82,0.57,-4.25,101.8,106.5,102.1,0.297,0.029,0.531,0.487,15.9,28.1,0.228,0.497,16.2,66.8,0.255,Phaseout
24.4,27,55,28,54,-5.18,0.5,-4.69,102.4,107.5,99.8,0.36,0.017,0.526,0.475,16.3,32.3,0.268,0.497,15.6,67.2,0.266,Phaseout
25.7,59,23,58,24,6.85,-0.16,6.69,110.5,103.6,99.7,0.341,0.041,0.545,0.497,14.2,35.4,0.258,0.467,16.1,65.6,0.29,Promotion
27.4,62,20,58,24,7.35,-0.87,6.48,114.1,107,103.2,0.308,0.041,0.589,0.551,15.7,33.8,0.235,0.485,13.7,67.1,0.22,LeagueChampion
28.5,63,19,57,25,6.65,-0.18,6.47,112.8,106.3,101.6,0.315,0.042,0.564,0.515,13.8,32.8,0.254,0.481,12.6,70.4,0.198,Promotion
27.9,58,24,51,31,4.1,0.07,4.17,111.3,107.3,100.8,0.412,0.032,0.561,0.497,16,37.4,0.331,0.494,15.7,66.6,0.259,Promotion
25.2,42,40,49,33,3.4,-0.6,2.8,110.4,107.2,103.5,0.362,0.027,0.554,0.506,14.8,34,0.271,0.497,15.9,64.4,0.232,Promotion
26.9,46,36,47,35,2.49,0.24,2.73,109.6,107.2,105,0.283,0.025,0.529,0.483,13,35.4,0.223,0.501,14.9,69.6,0.245,Promotion
28.3,52,30,47,35,2.44,-0.39,2.05,110.7,108.4,107.6,0.322,0.029,0.54,0.491,13.2,33.6,0.253,0.516,17,66.1,0.275,Promotion
25,44,38,47,35,2.17,-0.37,1.8,111.5,109.3,98.8,0.319,0.061,0.549,0.499,12.5,30.7,0.253,0.51,14.2,68.8,0.221,Promotion
25.3,48,34,45,37,1.72,-0.34,1.38,107.9,106.3,102.2,0.304,0.025,0.54,0.507,16,37.4,0.213,0.487,15.2,67.4,0.259,Promotion
26.5,42,40,42,40,0.23,0.41,0.64,107.9,107.7,101,0.3,0.03,0.532,0.493,13.8,33.9,0.219,0.505,15.6,68.2,0.263,Promotion
28.1,41,41,43,39,0.91,-0.29,0.63,109.9,109,103.9,0.357,0.028,0.565,0.517,15.6,33.2,0.272,0.501,15,68.5,0.269,Promotion
27.1,40,42,40,42,-0.27,0.42,0.15,104.3,104.6,100.3,0.269,0.054,0.524,0.486,13.4,27.5,0.2,0.491,15.3,68.2,0.226,Promotion
26.9,41,41,41,41,-0.11,-0.22,-0.33,103.3,103.4,105.1,0.333,0.042,0.534,0.483,15.8,29,0.257,0.469,15.7,65.3,0.238,Promotion
25.2,38,44,39,43,-0.84,0.34,-0.5,108.7,109.6,99.4,0.366,0.023,0.556,0.502,15.4,32.2,0.287,0.495,13.8,67.5,0.257,Promotion
25.5,34,48,37,45,-1.45,0.31,-1.14,105.9,107.3,99.8,0.333,0.033,0.536,0.489,15.3,32.5,0.25,0.485,15.2,63.8,0.249,Phaseout
26.6,36,46,34,48,-2.76,0.48,-2.27,106,108.7,101.9,0.338,0.045,0.526,0.478,14.1,32.9,0.254,0.483,13.7,66.9,0.265,Promotion
26.4,36,46,35,47,-2.11,-0.23,-2.34,104.7,106.8,102.5,0.319,0.043,0.544,0.497,16.3,29.8,0.246,0.498,15,68.3,0.24,Promotion
26.1,31,51,34,48,-2.67,-0.04,-2.71,109.5,112.1,104.4,0.357,0.033,0.559,0.508,15.9,34,0.278,0.514,14.2,66.6,0.262,Phaseout
25.8,24,58,29,53,-4.63,0.54,-4.09,104.9,109.6,99.5,0.331,0.028,0.53,0.487,15.2,31.7,0.24,0.499,16.5,63.3,0.339,Phaseout
27.3,31,51,30,52,-4.49,-0.07,-4.55,105.8,110.3,100.9,0.31,0.026,0.543,0.499,16.4,33.8,0.235,0.495,12.7,66.1,0.21,Phaseout
26.4,31,51,27,55,-5.44,0,-5.44,102.8,108.2,99.3,0.334,0.027,0.529,0.477,15.9,30,0.257,0.498,14.6,67.3,0.238,Phaseout
24.1,22,60,26,56,-6.21,0.75,-5.46,102.5,108.4,105.1,0.344,0.021,0.527,0.478,16.1,31.7,0.255,0.499,14.3,70.5,0.282,Phaseout
26.1,22,60,24,58,-7.34,0.13,-7.21,106,113,103.2,0.335,0.053,0.522,0.47,14.4,34.5,0.257,0.54,16.1,66,0.268,Phaseout
29.3,67,15,63,19,9.41,-0.36,9.06,111.8,102.6,101.2,0.307,0.054,0.564,0.518,14.1,31.3,0.244,0.466,13,71.7,0.216,LeagueChampion
26,57,25,62,20,9.04,-0.35,8.69,111.4,102.7,102.1,0.369,0.052,0.552,0.501,13.9,33.8,0.282,0.473,16.6,67.4,0.281,Promotion
28.1,62,20,59,23,7.74,-0.91,6.84,113.3,105.8,102.7,0.317,0.056,0.575,0.532,14.9,33.1,0.247,0.484,13.5,69.8,0.239,Promotion
25.3,50,32,47,35,2.37,0.22,2.59,107.9,105.6,100,0.385,0.024,0.542,0.493,15.3,34.9,0.282,0.481,15.4,66.7,0.269,Promotion
28,54,28,47,35,2.35,0.11,2.46,108.6,106.3,100.5,0.398,0.032,0.546,0.49,16.1,37.3,0.302,0.499,15.6,66.7,0.211,Promotion
26,51,31,48,34,2.61,-0.51,2.1,110.1,107.6,103.5,0.317,0.04,0.536,0.496,13.6,35.5,0.232,0.497,14.8,67.2,0.243,Promotion
26.5,46,36,44,38,1.17,0.27,1.44,109,107.9,104.2,0.297,0.023,0.534,0.488,13.3,33.5,0.232,0.496,14.9,67.6,0.266,Promotion
28.1,47,35,44,38,1.3,-0.42,0.89,107.1,105.9,106.7,0.307,0.039,0.527,0.475,13,30.9,0.245,0.495,16.9,64.1,0.266,Promotion
25.8,44,38,44,38,1.1,-0.4,0.7,112.1,111,102.2,0.364,0.061,0.562,0.51,13.3,30,0.283,0.508,13,66.8,0.201,Promotion
26.6,40,42,44,38,1.06,-0.45,0.61,109.2,108.2,104.5,0.384,0.038,0.554,0.501,15.2,32.8,0.294,0.507,16.4,66.3,0.275,Promotion
26.6,31,51,41,41,-0.1,-0.37,-0.47,105.9,106,97.4,0.33,0.042,0.53,0.478,15.1,33.2,0.257,0.492,15.7,68.7,0.282,Phaseout
26.2,42,40,40,42,-0.37,-0.3,-0.67,104.2,104.6,103.3,0.38,0.024,0.536,0.49,15.5,29.8,0.272,0.477,15.4,67.2,0.258,Promotion
27.1,39,43,36,46,-1.8,0.53,-1.28,103,104.8,99.1,0.32,0.057,0.518,0.471,14.2,29.1,0.238,0.472,14.2,66.1,0.224,Promotion
27.5,39,43,36,46,-1.99,0.6,-1.39,105,106.9,103.3,0.328,0.029,0.536,0.489,15.9,33.3,0.248,0.499,15.5,70.6,0.282,Promotion
27.8,35,47,36,46,-1.85,-0.2,-2.06,106.5,108.2,103.8,0.355,0.028,0.555,0.509,16.5,31.7,0.265,0.499,15.2,67.6,0.26,Promotion
27,29,53,34,48,-2.87,0.68,-2.19,105.5,108.3,101.6,0.321,0.054,0.535,0.49,14.6,30.3,0.241,0.48,13.6,68.5,0.292,Phaseout
25,26,56,32,50,-3.33,0.67,-2.66,102.6,105.9,100.9,0.305,0.02,0.525,0.483,15.7,31.5,0.226,0.479,13.7,71.3,0.277,Phaseout
26.6,30,52,31,51,-3.8,0.69,-3.12,108.6,112.4,99.7,0.346,0.044,0.538,0.487,14.7,35.1,0.266,0.509,13.5,67.4,0.28,Promotion
26.3,32,50,33,49,-2.99,-0.17,-3.16,104.3,107.2,104.8,0.384,0.026,0.552,0.506,17.7,31.3,0.279,0.495,15.1,68.3,0.279,Phaseout
26.6,37,45,33,49,-3.07,-0.12,-3.19,106.2,109.2,102,0.324,0.019,0.541,0.492,15.7,32.7,0.252,0.499,14.4,67.5,0.273,Promotion
26.8,30,52,33,49,-3.45,-0.14,-3.59,108.3,111.6,104.2,0.333,0.037,0.536,0.488,13.9,33.5,0.253,0.524,14.9,66.7,0.241,Phaseout
25.5,23,59,26,56,-5.61,0.79,-4.82,99.5,105.2,98.6,0.318,0.034,0.505,0.466,15.2,29.5,0.218,0.484,17.1,65,0.315,Phaseout
27,32,50,24,58,-6.93,0.1,-6.83,105.4,112.1,102.7,0.374,0.032,0.534,0.477,15.3,32,0.288,0.512,14,64,0.225,Phaseout
27.8,65,17,62,20,9.3,-0.99,8.32,115.6,106.5,101.6,0.352,0.062,0.577,0.528,14,34.1,0.278,0.476,13.8,66.3,0.23,LeagueChampion
26.1,57,25,59,23,7.23,-0.05,7.18,112.6,105.2,97.4,0.373,0.06,0.543,0.49,13.3,37.2,0.283,0.46,13.9,67.4,0.284,Promotion
29.4,59,23,57,25,6.65,-0.08,6.57,113.5,106.8,98.6,0.305,0.08,0.577,0.532,14,29,0.247,0.471,12,67.6,0.217,Promotion
26.4,55,27,56,26,6.3,-0.77,5.54,114.9,108.7,100.5,0.369,0.089,0.558,0.503,12.3,33.8,0.291,0.486,13.5,66.5,0.233,Promotion
27.7,50,32,51,31,3.91,0.12,4.04,109.5,105.6,100.3,0.35,0.079,0.539,0.487,13,31.1,0.268,0.479,16,66.1,0.307,Promotion
26.7,52,30,50,32,3.44,0.07,3.51,109.2,105.8,101,0.36,0.023,0.544,0.492,14.5,34.7,0.275,0.471,13.3,69.9,0.267,Promotion
26.9,49,33,49,33,3.13,-0.57,2.57,111.5,108.6,105,0.404,0.047,0.566,0.51,15.3,34.1,0.313,0.493,14.8,66.6,0.265,Promotion
25.4,40,42,43,39,0.89,0.37,1.26,108.6,107.6,95.8,0.315,0.042,0.528,0.478,13.4,35,0.245,0.491,13.8,70,0.251,Promotion
26.1,42,40,44,38,1,-0.4,0.6,106.5,105.5,99.9,0.324,0.045,0.528,0.483,14.3,33.5,0.24,0.47,14.1,68,0.261,Promotion
26.6,45,37,40,42,-0.2,0.31,0.11,108.3,108.5,97.3,0.385,0.05,0.549,0.497,16.1,34.9,0.29,0.499,14.5,65.7,0.215,Promotion
26.1,39,43,42,40,0.46,-0.39,0.08,110.7,110.3,101.8,0.345,0.077,0.543,0.495,15,37.6,0.261,0.486,13.5,66,0.296,Promotion
26.9,44,38,42,40,0.4,-0.36,0.04,104.1,103.7,103.2,0.318,0.06,0.516,0.473,14.1,31.2,0.231,0.466,15.7,65.2,0.269,Promotion
25.9,41,41,39,43,-0.65,0.47,-0.17,106,106.6,98.8,0.296,0.043,0.525,0.478,13.4,30.5,0.232,0.487,14.9,68.8,0.281,Promotion
25.9,42,40,37,45,-1.37,0.35,-1.02,105.7,107,100.2,0.342,0.029,0.511,0.457,13.3,34.5,0.262,0.48,14.6,63.4,0.222,Promotion
28.2,37,45,39,43,-0.87,-0.28,-1.14,109.3,110.2,106.2,0.323,0.049,0.527,0.478,11.8,32.2,0.248,0.503,15.4,67,0.307,Promotion
26.9,42,40,35,47,-2.34,-0.2,-2.54,108.9,111.2,101.7,0.341,0.049,0.539,0.487,13.7,32.5,0.266,0.503,14.2,65.3,0.272,Promotion
26,36,46,35,47,-2.44,-0.19,-2.63,108,110.3,102,0.348,0.035,0.55,0.501,15.3,32.1,0.264,0.502,14.4,65.7,0.265,Phaseout
24.6,31,51,31,51,-3.82,0.63,-3.19,102.6,106.4,101.3,0.359,0.047,0.519,0.476,16.4,34.4,0.25,0.484,14.2,65.9,0.224,Phaseout
26.3,29,53,33,49,-3.22,-0.12,-3.34,108.9,112.1,101.3,0.334,0.041,0.535,0.48,14.2,35.2,0.266,0.498,12.4,67.8,0.257,Phaseout
26.2,24,58,28,54,-5.05,0.63,-4.42,105.6,110.5,101.8,0.368,0.063,0.54,0.487,16.4,33.2,0.282,0.488,13.8,68.1,0.33,Phaseout
27.1,28,54,28,54,-5.1,0.01,-5.09,105.9,110.8,101.7,0.307,0.054,0.525,0.482,14.2,34.3,0.228,0.514,14.5,68.1,0.244,Phaseout
26.4,24,58,25,57,-6.27,0.85,-5.42,104.8,111.1,98.5,0.336,0.053,0.528,0.483,15,31.2,0.246,0.497,14.6,61.9,0.27,Phaseout
26.2,12,70,16,66,-11.43,0.42,-11,101.2,112.3,102.7,0.343,0.047,0.508,0.457,15,31.8,0.255,0.526,15.5,64.3,0.258,Phaseout
29.8,57,25,56,26,5.94,0.22,6.15,115.4,109.4,97.9,0.333,0.102,0.588,0.541,14.1,29.8,0.267,0.489,12.5,68.5,0.237,Promotion
27.4,54,28,54,28,5.17,0.29,5.46,110.5,105.3,98.3,0.372,0.029,0.548,0.497,14.2,34.2,0.282,0.475,14,68.5,0.245,Promotion
28.9,62,20,56,26,5.84,-1.03,4.81,113.1,107.3,99.1,0.35,0.068,0.566,0.515,13.9,32.3,0.276,0.484,13,67.9,0.206,LeagueChampion
26.8,50,32,51,31,3.6,0.42,4.02,111.3,107.6,96.4,0.344,0.04,0.541,0.491,13,34.3,0.264,0.481,14.2,67.3,0.28,Promotion
25.5,50,32,50,32,3.4,0.35,3.76,109,105.5,95.5,0.317,0.035,0.539,0.494,13.6,34,0.24,0.478,13.5,70.6,0.24,Promotion
27,53,29,52,30,4.37,-0.77,3.59,112.2,107.7,97,0.349,0.073,0.54,0.485,13.2,37.5,0.275,0.481,13,67.5,0.203,Promotion
27.1,53,29,52,30,4.52,-0.94,3.59,111.8,107.4,103.6,0.362,0.051,0.55,0.499,13.5,34.3,0.279,0.485,14.5,68.4,0.275,Promotion
28.7,54,28,51,31,4.07,-0.75,3.32,110.1,106.3,105.5,0.288,0.071,0.534,0.486,11.7,29.7,0.231,0.498,16,67.4,0.26,Promotion
27.3,47,35,51,31,3.68,-0.73,2.96,106.8,103.1,101.5,0.339,0.057,0.546,0.5,15.4,30.4,0.254,0.459,14.9,66.7,0.262,Promotion
25.6,44,38,46,36,2.06,-0.77,1.29,110.2,108.1,100.2,0.328,0.086,0.536,0.491,13.9,36.3,0.245,0.495,15.9,67.2,0.33,Promotion
24.6,42,40,43,39,0.76,0.52,1.28,106.8,106,97.3,0.361,0.05,0.547,0.5,15.5,31,0.268,0.485,15.2,66.4,0.227,Promotion
28.6,42,40,42,40,0.54,0.68,1.21,108.2,107.6,97.6,0.334,0.058,0.536,0.485,13.6,31.8,0.259,0.483,14.2,66.6,0.259,Promotion
27.7,46,36,45,37,1.39,-0.57,0.82,107.1,105.7,101.8,0.338,0.04,0.529,0.476,13.9,33.1,0.263,0.473,14.2,66.7,0.243,Promotion
25.3,38,44,40,42,-0.49,0.63,0.14,105.9,106.4,99.1,0.319,0.078,0.525,0.477,15.5,36,0.242,0.486,17,65.5,0.324,Promotion
26.6,38,44,39,43,-0.77,0.61,-0.16,106.5,107.2,98.1,0.346,0.019,0.524,0.47,14.4,34.2,0.267,0.487,14.4,65.2,0.231,Promotion
25.7,38,44,39,43,-0.79,0.62,-0.18,106.6,107.4,98,0.277,0.068,0.535,0.492,14.1,30.1,0.216,0.481,13.5,67.9,0.263,Phaseout
27.2,36,46,37,45,-1.44,0.65,-0.79,108.8,110.3,96,0.403,0.069,0.543,0.485,15.2,35.4,0.308,0.506,13.8,67.5,0.232,Phaseout
27.5,28,54,30,52,-4.48,-0.33,-4.8,107,111.4,101.2,0.301,0.049,0.538,0.494,14.6,31.5,0.23,0.507,13.4,68.3,0.265,Phaseout
26.2,31,51,29,53,-4.88,-0.14,-5.02,108.2,112.8,104.4,0.319,0.055,0.54,0.499,14.1,32,0.234,0.512,14,64.4,0.242,Promotion
26.1,24,58,27,55,-5.76,-0.08,-5.84,106.5,112.1,100.9,0.317,0.061,0.53,0.481,14.8,33.7,0.245,0.506,12.3,68.1,0.237,Phaseout
26.7,19,63,21,61,-8.11,1.13,-6.98,101.4,109.6,98.6,0.337,0.066,0.523,0.478,16,30.4,0.245,0.506,15.2,68.6,0.274,Phaseout
25.4,20,62,21,61,-8.32,-0.06,-8.38,104.7,112.9,101.6,0.298,0.042,0.524,0.474,14.3,31.2,0.237,0.511,14.4,65.1,0.283,Phaseout
26.2,17,65,16,66,-10.32,0.07,-10.24,97.4,107.6,100.8,0.32,0.044,0.494,0.449,15.7,30.9,0.229,0.486,14.8,65.4,0.244,Phaseout
26.1,57,25,60,22,7.6,0.35,7.95,110.6,102.9,98,0.353,0.069,0.559,0.514,14.2,31.2,0.264,0.473,15,67.1,0.185,Promotion
25.7,55,27,59,23,7.7,-0.86,6.84,113.1,105.7,104.5,0.344,0.064,0.56,0.509,12.8,30.8,0.272,0.476,13.5,67.7,0.225,Promotion
29.5,57,25,58,24,7.17,-0.79,6.38,113.8,106.7,100.1,0.351,0.093,0.57,0.518,14,33,0.282,0.482,13,68.9,0.205,Promotion
28.6,63,19,56,26,5.8,0.44,6.24,110.8,104.7,95.5,0.346,0.058,0.551,0.502,14.4,34.5,0.266,0.458,13.2,69.2,0.26,LeagueChampion
28.5,52,30,54,28,4.91,0.35,5.26,112.2,107.2,98.3,0.375,0.055,0.54,0.48,13.5,37.1,0.3,0.482,15.4,64.7,0.256,Promotion
28.5,49,33,50,32,3.61,0.5,4.11,110.1,106.4,98.6,0.332,0.079,0.544,0.487,13.7,32.7,0.273,0.493,16.1,67.5,0.266,Promotion
27.4,51,31,55,27,5.02,-1.01,4.01,106.6,101.5,98,0.416,0.058,0.55,0.491,16.4,32,0.32,0.447,13.9,68.1,0.246,Promotion
25.3,52,30,50,32,3.77,-0.15,3.62,111.1,107.5,104.4,0.311,0.151,0.553,0.512,15.4,36.2,0.234,0.504,16.7,65.1,0.249,Promotion
26.3,47,35,48,34,2.9,-0.46,2.44,111.5,108.6,100.1,0.318,0.104,0.539,0.496,14.1,38.3,0.237,0.498,16,65.3,0.271,Promotion
26.4,47,35,45,37,1.44,0.69,2.13,109.1,107.7,97,0.302,0.076,0.553,0.507,14.4,30.7,0.238,0.487,13.5,69.5,0.239,Promotion
27,46,36,45,37,1.5,0.18,1.68,113,111.5,98.5,0.348,0.09,0.552,0.5,12.8,32.2,0.274,0.513,13.4,67.2,0.215,Promotion
28.5,42,40,44,38,1.16,0.1,1.26,110.8,109.6,98.1,0.329,0.043,0.548,0.498,14,34.7,0.258,0.493,12.7,70,0.248,Promotion
26.9,39,43,45,37,1.46,-0.55,0.92,109.4,108,103.9,0.31,0.083,0.53,0.488,13.9,36.7,0.23,0.501,15.7,67.4,0.264,Promotion
29.8,44,38,45,37,1.7,-0.78,0.91,108.6,107.1,107.5,0.284,0.083,0.528,0.482,11.8,29.6,0.224,0.505,15.6,68.9,0.264,Promotion
26.8,45,37,44,38,0.95,-0.73,0.22,105.7,104.8,101.8,0.351,0.073,0.535,0.486,15.9,33.3,0.265,0.481,14.9,69,0.248,Promotion
26,43,39,40,42,-0.3,-0.29,-0.59,107.4,107.7,107.3,0.299,0.079,0.529,0.48,14.2,33.4,0.239,0.479,14.6,64.1,0.24,Promotion
26.2,40,42,35,47,-2.16,0.39,-1.77,106.4,108.5,100.8,0.305,0.032,0.516,0.467,13,33.1,0.236,0.493,14.2,67.5,0.267,Phaseout
28.5,38,44,38,44,-1.21,-0.59,-1.79,107.4,108.6,95.9,0.327,0.098,0.536,0.484,13.5,29.5,0.258,0.48,12.5,66.1,0.215,Phaseout
25.2,28,54,30,52,-4.17,1.17,-3,106.8,111,99.2,0.328,0.089,0.552,0.502,16.3,31.5,0.258,0.478,12.4,66,0.275,Phaseout
25.2,27,55,27,55,-5.55,0.2,-5.35,104.5,110,100.5,0.286,0.112,0.523,0.478,14.2,30.5,0.22,0.496,13.2,67.7,0.235,Phaseout
26.8,26,56,25,57,-6.35,0.66,-5.69,103,109.3,100.1,0.313,0.079,0.517,0.474,15,32.7,0.229,0.508,14.4,70.1,0.244,Phaseout
25.6,21,61,23,59,-7.28,-0.17,-7.45,100.9,107.9,104.1,0.319,0.04,0.512,0.472,16.8,34.5,0.223,0.5,17.2,63.5,0.294,Phaseout
27.2,20,62,21,61,-8.52,0.79,-7.74,103.7,112.1,100.3,0.277,0.058,0.514,0.47,13.7,30.3,0.213,0.508,14.7,64.9,0.287,Phaseout
24.6,21,61,18,64,-9.91,0.41,-9.5,100.8,110.2,104.4,0.299,0.032,0.518,0.478,16.5,31.2,0.216,0.497,14.1,64,0.237,Phaseout
25.2,15,67,15,67,-11.23,0.1,-11.13,97.8,109,99.1,0.296,0.042,0.498,0.459,17.7,35.6,0.208,0.499,16,65,0.292,Phaseout
26.7,54,28,58,24,7.1,-0.01,7.09,113.1,106.2,100.7,0.38,0.076,0.565,0.509,13.3,31.1,0.302,0.478,12.8,68.8,0.209,Promotion
28.9,63,19,58,24,6.78,-0.04,6.74,114,107,96.3,0.345,0.12,0.562,0.512,13.2,32.8,0.271,0.479,12.8,68.5,0.219,Promotion
26.7,59,23,57,25,6.32,0.16,6.48,110.5,104.4,102.3,0.362,0.075,0.535,0.486,13.4,36.5,0.269,0.479,15.2,70.8,0.265,Promotion
29.5,59,23,57,25,6.09,-0.68,5.41,109.9,103.5,94.4,0.323,0.078,0.537,0.49,13.4,34.2,0.245,0.461,13.7,70.3,0.262,LeagueChampion
27.6,55,27,54,28,4.79,0.03,4.82,110.3,105.4,96.1,0.377,0.096,0.57,0.522,15.5,30.1,0.284,0.468,13.4,69.5,0.268,Promotion
27.4,53,29,54,28,4.99,-0.75,4.23,113.5,108.4,96.5,0.357,0.077,0.556,0.502,12.9,32,0.281,0.495,13.3,68.4,0.223,Promotion
26.4,56,26,50,32,3.49,0.09,3.58,107.7,104.2,98.5,0.362,0.032,0.537,0.488,14.7,34.2,0.27,0.477,15,68.7,0.235,Promotion
30.2,52,30,51,31,3.99,-0.76,3.23,112,107.9,98.2,0.301,0.057,0.557,0.506,13.4,31.5,0.251,0.477,10.8,72.1,0.223,Promotion
26.1,55,27,50,32,3.26,-0.51,2.74,112.3,109,96.7,0.302,0.094,0.559,0.516,13.4,31.9,0.235,0.508,15.2,68.1,0.262,Promotion
27.9,41,41,45,37,1.46,0.24,1.71,104.8,103.4,101.2,0.313,0.068,0.531,0.491,15.5,33.1,0.225,0.475,14.7,69.2,0.228,Promotion
29.5,43,39,45,37,1.41,0.15,1.56,108,106.7,105.4,0.275,0.084,0.523,0.478,11.2,29.1,0.217,0.501,15.2,71.3,0.264,Promotion
25.6,41,41,44,38,1.04,0.36,1.4,110.9,109.8,95.3,0.299,0.09,0.535,0.494,14,37.5,0.222,0.499,14.3,69.1,0.297,Phaseout
26.5,45,37,45,37,1.41,-0.63,0.78,109.4,108,98.2,0.331,0.1,0.547,0.501,14.8,34.2,0.25,0.482,13.3,66,0.215,Promotion
28.6,41,41,44,38,1.02,-0.39,0.64,113,111.9,95.8,0.362,0.059,0.547,0.496,13.5,36.3,0.277,0.509,14,65.5,0.254,Phaseout
29.2,47,35,41,41,0.07,0.35,0.42,107.2,107.2,94.5,0.331,0.071,0.536,0.487,13.6,30.3,0.254,0.481,13.4,67.9,0.232,Promotion
26.4,42,40,41,41,0.16,-0.34,-0.18,111.5,111.4,97,0.343,0.113,0.572,0.518,14.6,29,0.28,0.494,12.6,67.1,0.25,Promotion
26.1,42,40,40,42,-0.3,-0.31,-0.62,106.9,107.2,95,0.315,0.122,0.529,0.485,13.5,31.5,0.235,0.49,14,67.7,0.202,Promotion
28.1,44,38,39,43,-0.78,-0.28,-1.06,107.3,108.1,98,0.318,0.094,0.533,0.488,13.9,31.5,0.241,0.492,15.8,66,0.29,Promotion
27.5,31,51,35,47,-2.16,-0.27,-2.43,107.5,109.7,99.4,0.276,0.026,0.519,0.477,12.4,32.4,0.211,0.484,12.4,67.2,0.249,Phaseout
26,37,45,33,49,-3.13,0.59,-2.55,109.6,112.6,105.9,0.397,0.104,0.563,0.501,14.3,26.1,0.321,0.494,13.6,61.5,0.253,Phaseout
24.5,30,52,32,50,-3.39,0.59,-2.8,104,107.4,99.2,0.359,0.034,0.536,0.488,16.3,30.9,0.265,0.489,14.3,67.3,0.241,Phaseout
26.2,22,60,29,53,-4.23,0.63,-3.6,103.6,108.2,91.1,0.311,0.043,0.499,0.451,13.3,34,0.232,0.492,15.5,66.2,0.291,Phaseout
26.4,23,59,28,54,-5.06,0.65,-4.41,104.8,110,96.7,0.278,0.092,0.527,0.484,13.5,27.3,0.215,0.484,12.5,67.3,0.255,Phaseout
25.6,19,63,21,61,-7.82,0.81,-7,102,109.9,98.1,0.274,0.085,0.511,0.47,13.2,26.1,0.207,0.506,14.7,67.5,0.269,Phaseout
26.6,17,65,21,61,-7.87,0.05,-7.82,100.7,108.6,99.3,0.317,0.068,0.486,0.435,13.9,34.5,0.237,0.495,14.9,67,0.272,Phaseout
26.5,18,64,21,61,-8.91,0.19,-8.73,105.8,114.3,104.1,0.362,0.052,0.521,0.467,13.9,33.7,0.274,0.511,12.1,67.8,0.245,Phaseout
24.7,18,64,18,64,-9.72,0.13,-9.59,99.3,108.9,101,0.276,0.041,0.501,0.467,15.9,33.5,0.19,0.499,15.2,67.3,0.292,Phaseout
26.9,61,21,63,19,9.1,-0.53,8.57,114.6,105.2,95.6,0.296,0.06,0.56,0.521,12.8,34.7,0.225,0.488,15.3,68.8,0.226,LeagueChampion
27.9,63,19,62,20,8.68,-0.21,8.47,112.8,104.3,100.5,0.344,0.123,0.554,0.509,13.4,33.8,0.259,0.473,14.4,70.4,0.25,Promotion
28.4,58,24,59,23,6.74,-0.01,6.73,112.1,105,94.1,0.327,0.108,0.551,0.5,13.2,33,0.261,0.474,12.8,68.3,0.176,Promotion
26.9,55,27,57,25,6.55,-0.06,6.49,112.6,106.1,101,0.372,0.06,0.558,0.506,13.5,33,0.287,0.474,13.1,68.5,0.227,Promotion
28.2,56,26,56,26,5.82,-0.6,5.22,112.6,106.7,98.5,0.277,0.048,0.565,0.52,14,33,0.228,0.465,11.7,69.3,0.217,Promotion
26,55,27,53,29,4.51,-0.21,4.3,107.8,103.3,98.6,0.352,0.043,0.544,0.494,15.2,33.3,0.269,0.463,13.2,70.3,0.228,Promotion
27.3,52,30,50,32,3.5,-0.23,3.27,107.4,103.9,98.5,0.302,0.136,0.53,0.489,14.5,34.4,0.224,0.469,14.7,66.9,0.22,Promotion
28.7,54,28,50,32,3.33,-0.15,3.18,108.6,105.1,95.3,0.378,0.07,0.559,0.503,14.6,27.6,0.298,0.473,13.7,69.2,0.23,Promotion
30.5,50,32,50,32,3.27,-0.19,3.08,108.2,104.6,91.9,0.322,0.064,0.523,0.474,13.1,34.7,0.245,0.464,12.8,71,0.248,Promotion
29.3,48,34,48,34,2.48,-0.15,2.33,109.7,107.2,96.1,0.323,0.108,0.55,0.499,14.3,31.8,0.258,0.5,16.4,66.1,0.259,Promotion
26.5,44,38,45,37,1.63,0.09,1.72,111.9,110.3,103.6,0.376,0.109,0.559,0.504,13.7,31,0.294,0.497,15.2,64.1,0.289,Promotion
26.2,41,41,44,38,1.23,0.08,1.31,109.7,108.5,96.2,0.301,0.06,0.542,0.501,14.8,36.3,0.226,0.503,16,66.3,0.277,Promotion
29,43,39,43,39,0.77,-0.05,0.72,110.9,110.1,98.6,0.352,0.116,0.54,0.482,12.9,33.1,0.282,0.509,13.7,69.1,0.22,Promotion
26.4,41,41,40,42,-0.39,0.02,-0.37,111.7,112.1,99.4,0.354,0.107,0.566,0.511,14.4,30.6,0.287,0.503,13.1,66.4,0.254,Promotion
28.4,44,38,41,41,-0.18,-0.21,-0.39,107.9,108.1,95.7,0.342,0.089,0.542,0.489,13.4,28.1,0.27,0.489,12.5,68.3,0.187,Promotion
28.1,39,43,40,42,-0.23,-0.2,-0.43,107.1,107.3,95,0.315,0.082,0.544,0.498,15.1,31.1,0.242,0.489,13.4,68.5,0.205,Promotion
26.8,33,49,34,48,-2.46,0.14,-2.33,106.1,108.7,95.1,0.317,0.07,0.534,0.487,14.1,29.7,0.243,0.497,13.3,68,0.206,Phaseout
25.1,31,51,32,50,-3.45,0.29,-3.16,103,106.5,99.9,0.311,0.059,0.511,0.471,14.7,33.3,0.218,0.481,13.7,69.2,0.266,Phaseout
26.2,29,53,30,52,-3.93,0.18,-3.75,106.7,110.9,92.3,0.286,0.052,0.499,0.456,11.5,34.9,0.21,0.502,13.8,65.9,0.248,Phaseout
26.1,31,51,31,51,-3.98,0.18,-3.79,105.9,109.9,99.5,0.337,0.104,0.521,0.473,14.3,33,0.251,0.493,12.8,68.9,0.26,Phaseout
30.6,28,54,29,53,-4.57,0.31,-4.27,105.5,110.3,94.2,0.288,0.087,0.528,0.485,13.3,28.3,0.219,0.495,12.6,67.9,0.245,Phaseout
26.2,26,56,29,53,-4.51,-0.02,-4.53,102.9,107.4,99.3,0.301,0.079,0.5,0.455,14.4,35.7,0.222,0.478,14.9,64.6,0.267,Phaseout
26.5,30,52,28,54,-4.98,0.14,-4.84,103,108.1,97.5,0.279,0.039,0.509,0.47,14.3,32.2,0.203,0.478,13.1,66,0.242,Phaseout
25.5,26,56,27,55,-5.24,0.3,-4.95,105,110.4,97.3,0.315,0.059,0.526,0.477,13.9,29,0.245,0.504,15,65.7,0.272,Phaseout
24,24,58,25,57,-5.99,0.08,-5.91,102,108.1,99.3,0.323,0.065,0.512,0.469,16,34.3,0.231,0.491,15.3,66.2,0.286,Phaseout
25.9,25,57,23,59,-6.78,0.51,-6.27,102,109.1,94.7,0.309,0.085,0.512,0.468,14.1,28.8,0.226,0.481,14.3,65.6,0.306,Phaseout
26.5,20,62,19,63,-10.91,0.6,-10.31,105.2,114.7,113.7,0.255,0.119,0.498,0.457,11.9,33.1,0.195,0.524,14.1,67.1,0.299,Phaseout
27.6,67,15,66,16,10.44,-0.37,10.07,115.5,104.5,94.4,0.297,0.063,0.556,0.518,11.8,35.1,0.221,0.476,14.1,69.3,0.219,LeagueChampion
28.1,57,25,59,23,7.27,-0.33,6.94,111.4,104.2,99,0.335,0.128,0.541,0.495,13.6,35.6,0.253,0.471,14.3,69.9,0.251,Promotion
28.5,55,27,57,25,6.39,-0.69,5.7,112.2,105.6,95.5,0.363,0.067,0.557,0.504,13.7,32.7,0.286,0.475,13,68.9,0.214,Promotion
27,53,29,56,26,5.94,-0.26,5.68,112.1,106.2,99.4,0.332,0.083,0.556,0.508,13.1,31.7,0.258,0.471,13,67.7,0.223,Promotion
27.6,57,25,55,27,5.45,-0.11,5.34,113.9,108.2,95,0.322,0.101,0.557,0.506,11.8,30.5,0.259,0.483,12.3,66.5,0.174,Promotion
25.5,55,27,50,32,3.9,-0.14,3.77,113.6,109.9,103.4,0.351,0.103,0.568,0.524,13.6,31.8,0.262,0.499,14.9,64.2,0.256,Promotion
27.3,51,31,52,30,3.89,-0.22,3.67,108.3,104.2,92.9,0.295,0.089,0.531,0.491,13.7,34.6,0.216,0.471,14,71.1,0.248,Promotion
29.2,51,31,51,31,3.62,-0.21,3.41,110.8,107,95.8,0.266,0.05,0.544,0.5,12.7,31.9,0.215,0.469,11.9,68.7,0.22,Promotion
27.3,47,35,50,32,3.32,-0.51,2.81,107.5,104.1,96.2,0.317,0.057,0.528,0.485,13.9,34.2,0.233,0.469,13.5,69.8,0.224,Promotion
30.1,48,34,47,35,2.04,0.01,2.06,107.5,105.3,91.6,0.307,0.077,0.52,0.477,13.5,34.9,0.228,0.468,12.5,68.5,0.204,Promotion
27.3,47,35,46,36,1.88,-0.02,1.86,110.7,108.8,95.4,0.317,0.091,0.538,0.489,14,36.5,0.249,0.491,14.2,66.8,0.269,Promotion
26.4,40,42,46,36,1.89,-0.04,1.85,111.7,109.9,99,0.334,0.133,0.566,0.518,14.7,31.8,0.264,0.483,12.8,67.4,0.27,Promotion
27.3,45,37,44,38,1.07,0.03,1.1,105.8,104.7,96.5,0.314,0.071,0.524,0.483,13.6,31.6,0.226,0.475,14.9,67.5,0.244,Promotion
28.3,43,39,38,44,-1.1,0.15,-0.95,107.7,108.9,92.5,0.327,0.064,0.516,0.465,12,32.7,0.25,0.493,13.8,64,0.187,Promotion
27.2,38,44,37,45,-1.5,0.35,-1.15,107.3,108.9,97.8,0.277,0.09,0.519,0.481,13,33.6,0.203,0.497,13.2,68.3,0.209,Phaseout
27.6,35,47,37,45,-1.27,-0.07,-1.34,108.3,109.7,93.7,0.335,0.101,0.539,0.488,13.8,30.9,0.26,0.496,13,66.4,0.192,Phaseout
30.2,31,51,36,46,-1.71,0.26,-1.46,108.8,110.6,95.5,0.292,0.139,0.529,0.486,14.2,35.9,0.221,0.514,15.3,65,0.237,Phaseout
25.6,40,42,36,46,-1.7,0.15,-1.54,107,108.7,98,0.265,0.088,0.51,0.473,14.1,39.1,0.194,0.488,14.1,66.3,0.247,Promotion
28,42,40,36,46,-1.72,-0.22,-1.94,106.2,108,95.1,0.293,0.139,0.537,0.499,15,30.9,0.216,0.477,12.5,66.4,0.209,Phaseout
25.2,31,51,31,51,-3.9,0.33,-3.57,107.1,110.9,101.7,0.286,0.049,0.527,0.485,13,31.1,0.216,0.51,14.1,65.4,0.222,Phaseout
24.4,38,44,30,52,-4.21,0.27,-3.94,106.7,110.9,97.7,0.33,0.106,0.532,0.479,14.6,33,0.26,0.508,13.9,67.6,0.235,Promotion
26.1,25,57,29,53,-4.46,0.11,-4.35,103.9,108.4,97.7,0.268,0.074,0.514,0.471,13.3,28.9,0.208,0.493,14,66.2,0.235,Phaseout
25.1,29,53,26,56,-6.06,0.44,-5.63,103.9,109.9,99.6,0.301,0.094,0.525,0.482,14.3,28.5,0.225,0.493,13.9,64.2,0.233,Phaseout
26.6,21,61,23,59,-6.91,0.4,-6.52,103.5,110.5,98,0.319,0.086,0.514,0.467,14.6,32.4,0.238,0.502,13.5,67.8,0.26,Phaseout
26.4,15,67,23,59,-7.05,0.2,-6.85,105,112.4,95.1,0.253,0.054,0.505,0.467,12.4,31.5,0.188,0.497,13,62.3,0.244,Phaseout
28.2,22,60,21,61,-7.65,0.18,-7.47,103,111.1,94.4,0.281,0.112,0.501,0.458,13.1,31.2,0.211,0.483,11.5,67.8,0.259,Phaseout
25.7,24,58,21,61,-7.87,0.28,-7.59,100.7,108.6,98.6,0.28,0.057,0.493,0.451,14.9,34.8,0.207,0.494,14.7,68,0.279,Phaseout
27.7,55,27,59,23,7.07,-0.42,6.66,112.3,104.9,96,0.316,0.085,0.546,0.502,13.5,35.5,0.241,0.489,16.4,67.7,0.26,Promotion
28.8,54,28,58,24,6.45,-0.15,6.3,112.7,106,94.8,0.308,0.108,0.565,0.518,12.5,28.1,0.247,0.482,13.1,69.1,0.185,Promotion
28.2,62,20,57,25,6.66,-0.39,6.27,113.3,106.7,99.8,0.358,0.154,0.566,0.521,14.2,33,0.27,0.496,13.9,69.2,0.206,Promotion
28.1,57,25,58,24,6.29,-0.1,6.19,112.9,106.1,92.5,0.271,0.093,0.535,0.499,12,36.3,0.199,0.493,15.4,68.7,0.239,LeagueChampion
28.3,60,22,58,24,6.16,-0.29,5.87,106.1,99.7,94.5,0.336,0.088,0.526,0.479,14.1,33.1,0.249,0.444,14.9,72.1,0.294,Promotion
27.4,55,27,53,29,4.23,-0.66,3.57,109.6,105.2,94.4,0.31,0.159,0.557,0.515,14.5,30,0.235,0.474,13.4,68.5,0.201,Promotion
28.2,51,31,49,33,3.11,-0.19,2.92,108.3,105.2,99.1,0.347,0.115,0.526,0.476,12.6,32.7,0.259,0.488,14.8,71,0.237,Promotion
27.5,49,33,48,34,2.67,-0.46,2.21,109.6,106.8,95.4,0.347,0.102,0.555,0.507,13.6,27.8,0.265,0.477,12.3,70.1,0.221,Promotion
26.8,41,41,46,36,1.7,0.08,1.77,111.9,110.1,96,0.342,0.112,0.547,0.498,13.5,34.2,0.262,0.485,12.7,67.4,0.281,Promotion
29.3,47,35,47,35,2.17,-0.43,1.74,109.6,107.4,96.5,0.365,0.061,0.55,0.498,13.8,31,0.279,0.487,13.9,68.7,0.25,Promotion
25.8,41,41,45,37,1.32,0.03,1.35,108.5,107.1,96.3,0.372,0.133,0.554,0.509,15.5,31.4,0.271,0.473,11.9,68.8,0.232,Phaseout
27.3,43,39,45,37,1.26,-0.05,1.2,106.5,105.2,96,0.319,0.069,0.522,0.473,14.4,35.5,0.244,0.48,14.1,69.5,0.24,Promotion
28.6,48,34,43,39,0.89,0.04,0.93,108.7,107.8,94.9,0.27,0.054,0.536,0.495,12.9,31.2,0.21,0.479,12.9,69,0.251,Promotion
26.7,41,41,42,40,0.35,-0.03,0.33,107.4,107.1,99.1,0.297,0.067,0.53,0.493,13.9,32.7,0.213,0.489,15.1,66.7,0.263,Promotion
25.7,44,38,40,42,-0.24,0.22,-0.02,109.5,109.7,100.2,0.329,0.074,0.547,0.499,13.8,31.3,0.254,0.487,12.6,65,0.201,Promotion
27.1,43,39,39,43,-0.87,0.2,-0.67,109.3,110.2,97.6,0.305,0.148,0.534,0.493,14,34.8,0.227,0.516,14.6,68.5,0.224,Promotion
25.2,36,46,38,44,-1.15,0.21,-0.93,107.7,108.9,94.6,0.361,0.137,0.535,0.481,13.9,31.9,0.279,0.495,14.2,69.8,0.274,Phaseout
25,34,48,38,44,-0.99,0.05,-0.94,109.2,110.2,99.5,0.342,0.118,0.543,0.502,14.9,34.2,0.245,0.501,14,67,0.261,Phaseout
29.9,40,42,37,45,-1.39,0.29,-1.1,107.4,108.9,93.2,0.271,0.126,0.511,0.473,12.5,34.6,0.198,0.5,13.5,67.8,0.212,Phaseout
28,39,43,38,44,-1.27,0.06,-1.2,107.6,108.9,96.2,0.329,0.09,0.534,0.486,13.7,31.4,0.249,0.5,14.3,66.4,0.215,Promotion
24.8,36,46,36,46,-1.74,-0.4,-2.14,104.6,106.3,99.8,0.324,0.062,0.518,0.47,14.5,33.6,0.245,0.476,13.9,68.9,0.263,Phaseout
26.5,25,57,33,49,-3.17,0.17,-3,106.5,109.6,100.8,0.337,0.108,0.53,0.481,14.1,30.7,0.257,0.502,15.1,66.7,0.292,Phaseout
26.9,28,54,31,51,-3.73,0.47,-3.26,106.2,110.1,96.1,0.301,0.135,0.535,0.495,14.8,30.5,0.223,0.502,15.7,62.5,0.266,Phaseout
27.1,26,56,26,56,-5.77,0.51,-5.25,104.6,110.4,98.5,0.319,0.133,0.53,0.479,14.4,28.1,0.251,0.504,13.3,65.9,0.188,Phaseout
26.1,22,60,23,59,-7.04,0.55,-6.49,103.6,110.8,97.7,0.298,0.082,0.523,0.48,14.2,28.8,0.223,0.51,13.6,67.1,0.219,Phaseout
25.8,19,63,21,61,-7.78,0.16,-7.62,103.6,111.8,93.8,0.344,0.087,0.535,0.479,15.9,28.7,0.275,0.503,13.5,66.3,0.269,Phaseout
24.9,11,71,10,72,-15.2,0.52,-14.68,99.5,114.7,99.5,0.299,0.115,0.495,0.455,15.1,31.1,0.21,0.519,13.5,68.1,0.347,Phaseout
28.1,63,19,64,18,9.09,-0.41,8.68,111.1,101.5,95.1,0.344,0.105,0.547,0.501,13.7,34.4,0.256,0.479,18.2,67.3,0.272,Promotion
28.9,57,25,60,22,6.99,-0.5,6.48,105.7,98.2,92.8,0.311,0.135,0.527,0.483,15.1,34.4,0.232,0.451,16,71.4,0.261,Promotion
29,55,27,56,26,5.26,-0.21,5.05,110.4,104.6,90.1,0.322,0.107,0.537,0.494,13.6,35.6,0.239,0.467,11.7,70.5,0.196,Promotion
28.7,57,25,56,26,5.27,-0.33,4.94,107.2,101.7,94.2,0.294,0.118,0.523,0.48,13.6,34.6,0.221,0.475,16,67.7,0.185,Promotion
28.7,56,26,54,28,4.84,-0.17,4.68,111.7,106.8,96.7,0.325,0.147,0.548,0.509,13.9,35.2,0.236,0.493,13.5,69.3,0.202,Promotion
28.1,58,24,53,29,4.32,-0.12,4.19,105.9,101.4,95,0.294,0.191,0.545,0.507,15,27.6,0.218,0.458,13.3,69.7,0.192,LeagueChampion
29.4,53,29,53,29,4.22,-0.12,4.1,108.6,104.1,93.1,0.354,0.083,0.537,0.49,13.3,31.3,0.262,0.469,14.6,68.4,0.267,Promotion
25.8,50,32,52,30,3.89,-0.21,3.68,110.8,106.7,95.2,0.341,0.165,0.547,0.514,14.4,33.8,0.231,0.479,13.3,66.3,0.214,Promotion
27.9,47,35,52,30,4.02,-0.39,3.64,109.4,105.1,91.7,0.335,0.121,0.537,0.487,12.8,31.8,0.258,0.484,14.5,69,0.215,Promotion
27.2,47,35,51,31,3.45,-0.19,3.26,107.8,104.2,93.3,0.366,0.077,0.547,0.5,16,34.4,0.27,0.471,14.9,68,0.267,Promotion
27.7,55,27,50,32,3.09,-0.22,2.87,106.1,102.7,91.9,0.273,0.097,0.526,0.493,14.6,33.8,0.192,0.482,15.3,70.8,0.225,Promotion
28.6,47,35,48,34,2.63,-0.04,2.6,108.1,105.5,98.8,0.323,0.104,0.518,0.472,12.5,34.4,0.24,0.49,14.8,70.8,0.235,Promotion
26,42,40,48,34,2.67,-0.27,2.4,109.5,106.7,93.8,0.322,0.145,0.538,0.488,14.3,35.3,0.253,0.479,14.5,69.1,0.284,Promotion
26.6,45,37,47,35,2.2,-0.08,2.11,107.2,104.9,95.5,0.351,0.096,0.515,0.461,12.7,34,0.267,0.475,13.5,69.1,0.212,Promotion
25,50,32,46,36,1.74,0.01,1.76,108.3,106.5,99.1,0.322,0.12,0.542,0.512,14.9,32.9,0.214,0.488,14.7,64.4,0.21,Promotion
24.8,42,40,45,37,1.49,0.05,1.54,103.9,102.3,96.1,0.357,0.088,0.524,0.478,15.3,32.2,0.256,0.453,13.4,69.6,0.252,Promotion
27.6,41,41,40,42,-0.22,-0.01,-0.23,108.4,108.6,97.5,0.301,0.129,0.543,0.5,13.6,29.2,0.23,0.492,13.2,67,0.205,Phaseout
26.5,33,49,29,53,-4.29,0.36,-3.93,104.8,109.3,95.5,0.269,0.11,0.503,0.466,12.8,33.2,0.193,0.492,14.3,63.2,0.24,Phaseout
27.8,32,50,29,53,-4.28,0.01,-4.28,104.2,108.7,95.6,0.284,0.068,0.521,0.482,13.5,29.3,0.207,0.494,13.7,67.8,0.238,Phaseout
27,27,55,26,56,-5.72,0.44,-5.28,102.9,108.6,99.6,0.297,0.116,0.521,0.484,15.4,30.4,0.211,0.494,14,64.1,0.213,Phaseout
26.7,28,54,26,56,-5.77,0.44,-5.32,103.3,109.2,97.5,0.326,0.104,0.516,0.471,14.2,30.4,0.239,0.499,14.2,66.4,0.252,Phaseout
26.1,20,62,24,58,-6.48,0.24,-6.24,102.5,109.3,94.5,0.32,0.15,0.512,0.471,14.7,31.1,0.225,0.513,15.7,66.5,0.254,Phaseout
26.2,20,62,23,59,-6.93,0.38,-6.55,101.9,109.2,94.7,0.352,0.085,0.525,0.471,16.4,30.1,0.272,0.488,12.8,68,0.259,Phaseout
25.8,24,58,22,60,-7.38,0.25,-7.13,104.5,112.2,95.9,0.317,0.109,0.529,0.484,15.3,31.2,0.237,0.526,14,66.2,0.206,Phaseout
27.2,25,57,21,61,-7.62,0.25,-7.37,101.7,109.7,95.7,0.31,0.138,0.518,0.478,15,28,0.221,0.502,12.8,66.6,0.177,Phaseout
27.5,20,62,21,61,-7.78,0.33,-7.46,102.7,110.9,94.2,0.244,0.148,0.511,0.477,13.7,28.4,0.179,0.493,12.8,66.1,0.262,Phaseout
25.3,13,69,19,63,-8.7,0.5,-8.19,100.4,109.6,94.5,0.275,0.109,0.492,0.449,15,33.7,0.205,0.513,15.8,66.1,0.283,Phaseout
28.7,57,25,61,21,8.18,-0.27,7.91,114.8,106.3,95.5,0.38,0.194,0.575,0.527,14.1,32.6,0.288,0.492,16.1,68.7,0.278,Promotion
29.6,60,22,61,21,7.99,-0.23,7.76,114.3,105.7,92.6,0.392,0.126,0.587,0.535,14.8,29.1,0.306,0.496,15.5,72.5,0.292,Promotion
26.6,57,25,59,23,7.06,-0.62,6.44,115.1,107.8,95.1,0.357,0.205,0.569,0.539,14,34,0.239,0.49,13.3,68.4,0.22,Promotion
29,62,20,57,25,5.96,-0.06,5.9,111.7,105.4,94.6,0.372,0.173,0.562,0.516,13.8,30.9,0.275,0.485,13,72.3,0.214,Promotion
28.1,47,35,54,28,4.83,-0.51,4.32,109.5,104.3,92,0.308,0.177,0.546,0.509,14.5,32.9,0.224,0.488,16.7,68.2,0.263,Promotion
29.2,59,23,51,31,3.88,-0.02,3.86,114.5,110.4,95.9,0.338,0.227,0.567,0.524,12.7,29.7,0.255,0.515,14,69.8,0.228,Promotion
29.3,44,38,52,30,3.82,-0.02,3.8,109.7,105.7,93.8,0.313,0.177,0.521,0.483,13,37.1,0.218,0.491,14.8,73.5,0.277,Promotion
28.7,52,30,52,30,3.7,-0.34,3.35,109.6,105.6,90,0.383,0.158,0.557,0.507,15.5,32.8,0.287,0.493,15.8,68.6,0.237,Promotion
28,50,32,50,32,3.28,-0.41,2.87,109.6,106.1,91.2,0.317,0.219,0.562,0.517,14.3,26,0.247,0.485,13.8,68.5,0.202,Promotion
29.4,55,27,50,32,3.11,-0.33,2.78,107.2,103.8,91.2,0.331,0.226,0.55,0.508,15.1,28.6,0.243,0.468,14.4,70.8,0.281,Promotion
28.5,47,35,47,35,2.12,0.2,2.32,109.7,107.4,94.2,0.31,0.267,0.568,0.529,15,26.9,0.232,0.489,13.9,67.7,0.199,LeagueChampion
28.2,42,40,45,37,1.28,-0.22,1.06,106.6,105.2,89.8,0.292,0.237,0.525,0.487,13.9,31.6,0.211,0.495,15.6,68.4,0.215,Promotion
26.6,41,41,43,39,0.84,0.11,0.96,109.1,108.2,91.5,0.357,0.18,0.556,0.511,15.6,32,0.263,0.487,13.2,70.2,0.257,Promotion
28.3,43,39,43,39,0.62,-0.07,0.55,105.3,104.6,84.8,0.317,0.165,0.52,0.472,14.2,31.8,0.241,0.493,15,72.4,0.224,Promotion
25.9,48,34,40,42,-0.22,0.21,-0.01,109.1,109.4,95.2,0.292,0.21,0.539,0.5,13.4,31.3,0.215,0.5,14.8,64.4,0.224,Promotion
26.4,39,43,38,44,-1,0.26,-0.74,105.5,106.5,92.3,0.359,0.16,0.538,0.496,16.2,32.1,0.255,0.481,15,67,0.28,Phaseout
27.1,32,50,36,46,-1.63,-0.21,-1.85,108.2,109.9,92.9,0.317,0.175,0.54,0.499,14.4,31.7,0.233,0.51,14.9,68.7,0.264,Phaseout
27.2,35,47,36,46,-1.88,-0.04,-1.92,108.6,110.6,94,0.331,0.144,0.537,0.491,14.3,33.1,0.249,0.512,13.6,68.6,0.235,Promotion
24.3,36,46,33,49,-2.9,0.51,-2.39,107.6,110.6,94.7,0.301,0.163,0.509,0.466,13.9,38.9,0.221,0.519,13.7,69.8,0.208,Phaseout
27.5,30,52,32,50,-3.13,-0.14,-3.28,105.2,108.6,92.3,0.342,0.192,0.519,0.467,14.4,33.3,0.26,0.493,12.4,70.9,0.217,Phaseout
25.7,34,48,29,53,-4.37,0.07,-4.3,106.2,110.9,92.7,0.343,0.205,0.537,0.496,15.5,31.3,0.244,0.53,15.3,68.3,0.23,Phaseout
26,26,56,27,55,-5.41,0.51,-4.9,106.7,112.2,97.9,0.348,0.233,0.547,0.508,15.9,30.3,0.245,0.522,13.9,66.5,0.216,Phaseout
25.1,24,58,27,55,-5.07,0.01,-5.06,104.1,109.7,91,0.323,0.142,0.521,0.475,15.3,32.3,0.238,0.5,14.6,66.1,0.235,Phaseout
24.5,21,61,26,56,-5.6,0.04,-5.56,105.4,111.3,94.5,0.292,0.183,0.529,0.492,14.3,29.3,0.211,0.512,14.9,66.7,0.262,Phaseout
26.9,28,54,22,60,-7.29,0.21,-7.08,105.1,112.9,93.2,0.293,0.21,0.538,0.499,15,28.3,0.217,0.51,14.2,65.8,0.299,Phaseout
25.4,21,61,18,64,-9,0.78,-8.22,102.6,112.4,91.4,0.379,0.163,0.532,0.475,16.2,27.7,0.293,0.51,14.8,64.1,0.28,Phaseout
24.9,17,65,18,64,-9.16,0.73,-8.43,101.5,111.1,94.3,0.302,0.153,0.508,0.468,14.6,29.6,0.214,0.526,16.6,65.7,0.29,Phaseout
29.9,72,10,70,12,12.24,-0.44,11.8,115.2,101.8,91.1,0.291,0.196,0.555,0.517,13.1,36.9,0.217,0.482,16.1,71.1,0.222,LeagueChampion
29.6,64,18,61,21,7.79,-0.4,7.4,110.3,102.1,93.8,0.379,0.249,0.574,0.526,16.2,29.7,0.288,0.479,16.7,69.5,0.252,Promotion
29.5,55,27,59,23,6.59,-0.34,6.25,113.3,106.1,90,0.359,0.158,0.566,0.517,14.1,31.6,0.276,0.489,15.1,71.7,0.295,Promotion
29.4,59,23,58,24,6.3,-0.33,5.98,110.2,103.5,93.3,0.342,0.2,0.558,0.516,13.6,27.5,0.252,0.472,13.9,70,0.216,Promotion
27.7,60,22,56,26,5.56,-0.16,5.4,112.9,106.9,91.8,0.336,0.248,0.562,0.529,13.2,29,0.232,0.491,14,68.8,0.223,Promotion
27.1,53,29,53,29,4.45,-0.24,4.21,111.4,106.6,92.4,0.306,0.203,0.555,0.515,13.3,30.1,0.228,0.491,14.9,66.8,0.205,Promotion
29.4,52,30,50,32,3.24,-0.14,3.11,110.8,107.2,89.3,0.389,0.157,0.56,0.509,15.5,33,0.294,0.491,14.7,69.3,0.271,Promotion
27.5,47,35,49,33,2.59,-0.09,2.49,109.9,106.7,82.3,0.296,0.264,0.551,0.51,13.7,28.6,0.226,0.506,16.3,70.2,0.242,Promotion
26.8,46,36,49,33,2.5,-0.05,2.45,107.9,105.1,87.7,0.36,0.221,0.551,0.504,14.6,28,0.271,0.483,13.7,71.7,0.229,Promotion
30.4,47,35,48,34,2.32,-0.08,2.24,106,103.5,91,0.306,0.201,0.55,0.509,14.9,25.5,0.232,0.476,14.8,71.1,0.251,Promotion
28.1,44,38,48,34,2.35,-0.14,2.21,106,103.5,92.6,0.347,0.203,0.528,0.494,15.2,33.4,0.23,0.478,13.5,73.4,0.236,Promotion
29,48,34,46,36,1.74,-0.12,1.63,109.3,107.4,93.2,0.317,0.265,0.555,0.512,14.1,26.9,0.243,0.495,13.6,68.6,0.206,Promotion
27.4,42,40,45,37,1.43,0.03,1.46,105.3,103.8,91.1,0.345,0.23,0.541,0.501,16,30.1,0.245,0.469,14.8,71.8,0.298,Promotion
28.1,46,36,45,37,1.22,0.07,1.29,109.4,108,89.6,0.302,0.239,0.534,0.49,14,34,0.229,0.512,16.3,67.1,0.217,Promotion
24.8,39,43,44,38,1.06,-0.07,0.99,108.7,107.6,93.7,0.314,0.183,0.558,0.521,15,28.2,0.228,0.489,15,67.8,0.274,Promotion
27.9,41,41,42,40,0.33,-0.05,0.28,110.3,110,93.2,0.37,0.147,0.551,0.498,13.5,29.8,0.286,0.511,13.3,71.4,0.225,Promotion
27.8,41,41,39,43,-0.57,0.09,-0.48,111.2,111.8,91.6,0.32,0.23,0.558,0.514,14.1,29.5,0.246,0.529,13.9,70.3,0.217,Phaseout
27,36,46,37,45,-1.45,0.03,-1.42,108.4,109.9,93.4,0.349,0.179,0.539,0.489,14.8,33.9,0.265,0.51,15.2,67.2,0.232,Phaseout
26.8,35,47,33,49,-2.71,0.09,-2.62,105.2,108.1,92.2,0.326,0.172,0.526,0.481,14.2,30.7,0.242,0.492,12.8,72.7,0.237,Phaseout
26.6,39,43,33,49,-2.71,0.09,-2.62,106.2,109.1,93.4,0.371,0.184,0.54,0.493,16,32.5,0.271,0.498,15.1,69,0.302,Promotion
26.3,33,49,32,50,-3.4,0.03,-3.37,106.4,109.9,96.2,0.329,0.209,0.534,0.494,14.1,28.8,0.235,0.511,14.3,70,0.258,Phaseout
25.2,29,53,31,51,-3.6,0.13,-3.46,106.5,110.3,93.2,0.3,0.208,0.544,0.511,15.3,29.3,0.21,0.512,15.2,67.9,0.282,Phaseout
27.4,30,52,29,53,-4.23,0.09,-4.14,101.9,106.5,90.9,0.332,0.111,0.497,0.445,15.1,36.4,0.248,0.495,14.5,70.9,0.223,Phaseout
25.1,26,56,28,54,-4.9,0.19,-4.71,106.1,111.2,95.4,0.266,0.274,0.507,0.47,13.3,34.1,0.192,0.526,14.7,68.6,0.222,Phaseout
27.5,25,57,26,56,-5.3,0.38,-4.92,105.6,111.5,90.2,0.295,0.163,0.534,0.495,15,29.7,0.218,0.52,14.1,68.4,0.248,Phaseout
26.4,26,56,26,56,-5.35,0.22,-5.14,104.1,109.8,93.5,0.357,0.132,0.535,0.48,16,29.8,0.277,0.509,15,68.7,0.267,Phaseout
26.2,21,61,21,61,-7.51,0.31,-7.2,103.8,111.8,93.2,0.296,0.177,0.536,0.499,17.2,32,0.214,0.514,14.7,66.8,0.272,Phaseout
26.1,18,64,16,66,-10,0.55,-9.45,102.2,113,92.2,0.353,0.224,0.522,0.474,16,29.4,0.259,0.522,14.4,65,0.217,Phaseout
27.2,15,67,15,67,-9.98,0.43,-9.55,97.6,108.5,91,0.308,0.174,0.5,0.456,15.5,27.3,0.223,0.51,16.1,66.3,0.241,Phaseout
